{
	"BUILD_DIR" : "/home/salabeta/robocomp/components/Grupo-G4X1/gotoxy_P4/src/MyFirstComponent_autogen",
	"CMAKE_BINARY_DIR" : "/home/salabeta/robocomp/components/Grupo-G4X1/gotoxy_P4",
	"CMAKE_CURRENT_BINARY_DIR" : "/home/salabeta/robocomp/components/Grupo-G4X1/gotoxy_P4/src",
	"CMAKE_CURRENT_SOURCE_DIR" : "/home/salabeta/robocomp/components/Grupo-G4X1/gotoxy_P4/src",
	"CMAKE_EXECUTABLE" : "/usr/bin/cmake",
	"CMAKE_SOURCE_DIR" : "/home/salabeta/robocomp/components/Grupo-G4X1/gotoxy_P4",
	"HEADERS" : 
	[
		[
			"/home/salabeta/robocomp/classes/qlog/qlog.h",
			"MU",
			"EQ62L5TKVX/moc_qlog.cpp"
		],
		[
			"/home/salabeta/robocomp/classes/rapplication/rapplication.h",
			"MU",
			"DLFNUU7AK7/moc_rapplication.cpp"
		],
		[
			"/home/salabeta/robocomp/classes/sigwatch/sigwatch.h",
			"MU",
			"BM3K3POHI5/moc_sigwatch.cpp"
		],
		[
			"/home/salabeta/robocomp/components/Grupo-G4X1/gotoxy_P4/src/commonbehaviorI.h",
			"MU",
			"EWIEGA46WW/moc_commonbehaviorI.cpp"
		],
		[
			"/home/salabeta/robocomp/components/Grupo-G4X1/gotoxy_P4/src/genericmonitor.h",
			"MU",
			"EWIEGA46WW/moc_genericmonitor.cpp"
		],
		[
			"/home/salabeta/robocomp/components/Grupo-G4X1/gotoxy_P4/src/genericworker.h",
			"MU",
			"EWIEGA46WW/moc_genericworker.cpp"
		],
		[
			"/home/salabeta/robocomp/components/Grupo-G4X1/gotoxy_P4/src/rcismousepickerI.h",
			"MU",
			"EWIEGA46WW/moc_rcismousepickerI.cpp"
		],
		[
			"/home/salabeta/robocomp/components/Grupo-G4X1/gotoxy_P4/src/specificmonitor.h",
			"MU",
			"EWIEGA46WW/moc_specificmonitor.cpp"
		],
		[
			"/home/salabeta/robocomp/components/Grupo-G4X1/gotoxy_P4/src/specificworker.h",
			"MU",
			"EWIEGA46WW/moc_specificworker.cpp"
		]
	],
	"HEADER_EXTENSIONS" : [ "h", "hh", "h++", "hm", "hpp", "hxx", "in", "txx" ],
	"INCLUDE_DIR" : "/home/salabeta/robocomp/components/Grupo-G4X1/gotoxy_P4/src/MyFirstComponent_autogen/include",
	"MOC_COMPILATION_FILE" : "/home/salabeta/robocomp/components/Grupo-G4X1/gotoxy_P4/src/MyFirstComponent_autogen/mocs_compilation.cpp",
	"MOC_DEFINITIONS" : 
	[
		"ICE_CPP11_MAPPING",
		"QT_CORE_LIB",
		"QT_GUI_LIB",
		"QT_NETWORK_LIB",
		"QT_NO_DEBUG",
		"QT_OPENGL_LIB",
		"QT_SQL_LIB",
		"QT_WIDGETS_LIB",
		"QT_XMLPATTERNS_LIB",
		"QT_XML_LIB"
	],
	"MOC_DEPEND_FILTERS" : 
	[
		[
			"Q_PLUGIN_METADATA",
			"[\n][ \t]*Q_PLUGIN_METADATA[ \t]*\\([^\\)]*FILE[ \t]*\"([^\"]+)\""
		]
	],
	"MOC_INCLUDES" : 
	[
		"/home/salabeta/robocomp/components/Grupo-G4X1/gotoxy_P4/src",
		"/home/salabeta/robocomp/components/Grupo-G4X1/gotoxy_P4/src",
		"/opt/robocomp/include",
		"/classes",
		"/home/salabeta/robocomp/components/Grupo-G4X1/gotoxy_P4",
		"/home/salabeta/robocomp/classes",
		"/home/salabeta/robocomp/libs",
		"/home/salabeta/robocomp/interfaces",
		"/include",
		"/usr/include/x86_64-linux-gnu/qt5",
		"/usr/include/x86_64-linux-gnu/qt5/QtGui",
		"/usr/include/x86_64-linux-gnu/qt5/QtCore",
		"/usr/lib/x86_64-linux-gnu/qt5/mkspecs/linux-g++",
		"/usr/include/x86_64-linux-gnu/qt5/QtWidgets",
		"/usr/include/x86_64-linux-gnu/qt5/QtSql",
		"/usr/include/x86_64-linux-gnu/qt5/QtOpenGL",
		"/usr/include/x86_64-linux-gnu/qt5/QtXml",
		"/usr/include/x86_64-linux-gnu/qt5/QtXmlPatterns",
		"/usr/include/x86_64-linux-gnu/qt5/QtNetwork",
		"/usr/include/c++/9",
		"/usr/include/x86_64-linux-gnu/c++/9",
		"/usr/include/c++/9/backward",
		"/usr/lib/gcc/x86_64-linux-gnu/9/include",
		"/usr/local/include",
		"/usr/include/x86_64-linux-gnu",
		"/usr/include"
	],
	"MOC_MACRO_NAMES" : [ "Q_OBJECT", "Q_GADGET", "Q_NAMESPACE" ],
	"MOC_OPTIONS" : [],
	"MOC_PATH_PREFIX" : true,
	"MOC_PREDEFS_CMD" : 
	[
		"/usr/bin/c++",
		"-dM",
		"-E",
		"-c",
		"/usr/share/cmake-3.16/Modules/CMakeCXXCompilerABI.cpp"
	],
	"MOC_PREDEFS_FILE" : "/home/salabeta/robocomp/components/Grupo-G4X1/gotoxy_P4/src/MyFirstComponent_autogen/moc_predefs.h",
	"MOC_RELAXED_MODE" : false,
	"MOC_SKIP" : [],
	"MULTI_CONFIG" : false,
	"PARALLEL" : 8,
	"PARSE_CACHE_FILE" : "/home/salabeta/robocomp/components/Grupo-G4X1/gotoxy_P4/src/CMakeFiles/MyFirstComponent_autogen.dir/ParseCache.txt",
	"QT_MOC_EXECUTABLE" : "/usr/lib/qt5/bin/moc",
	"QT_UIC_EXECUTABLE" : "/usr/lib/qt5/bin/uic",
	"QT_VERSION_MAJOR" : 5,
	"SETTINGS_FILE" : "/home/salabeta/robocomp/components/Grupo-G4X1/gotoxy_P4/src/CMakeFiles/MyFirstComponent_autogen.dir/AutogenUsed.txt",
	"SOURCES" : 
	[
		[ "/home/salabeta/robocomp/classes/qlog/qlog.cpp", "MU" ],
		[ "/home/salabeta/robocomp/classes/rapplication/rapplication.cpp", "MU" ],
		[ "/home/salabeta/robocomp/classes/sigwatch/sigwatch.cpp", "MU" ],
		[
			"/home/salabeta/robocomp/components/Grupo-G4X1/gotoxy_P4/src/commonbehaviorI.cpp",
			"MU"
		],
		[
			"/home/salabeta/robocomp/components/Grupo-G4X1/gotoxy_P4/src/genericmonitor.cpp",
			"MU"
		],
		[
			"/home/salabeta/robocomp/components/Grupo-G4X1/gotoxy_P4/src/genericworker.cpp",
			"MU"
		],
		[
			"/home/salabeta/robocomp/components/Grupo-G4X1/gotoxy_P4/src/main.cpp",
			"MU"
		],
		[
			"/home/salabeta/robocomp/components/Grupo-G4X1/gotoxy_P4/src/rcismousepickerI.cpp",
			"MU"
		],
		[
			"/home/salabeta/robocomp/components/Grupo-G4X1/gotoxy_P4/src/specificmonitor.cpp",
			"MU"
		],
		[
			"/home/salabeta/robocomp/components/Grupo-G4X1/gotoxy_P4/src/specificworker.cpp",
			"MU"
		]
	],
	"UIC_OPTIONS" : [],
	"UIC_SEARCH_PATHS" : [],
	"UIC_SKIP" : 
	[
		"/home/salabeta/robocomp/components/Grupo-G4X1/gotoxy_P4/src/mainUI.ui"
	],
	"UIC_UI_FILES" : [],
	"VERBOSITY" : 0
}
